timestamp,event,session_id,metadata
2025-09-08T15:42:56.858448,send_clicked,4ea23486-9346-4c43-b7d6-b24e7fec0bca,"{""prompt_len"": 21}"
2025-09-08T15:42:58.546512,first_token,4ea23486-9346-4c43-b7d6-b24e7fec0bca,"{""duration_ms"": 1688}"
2025-09-08T15:43:02.046095,response_complete,4ea23486-9346-4c43-b7d6-b24e7fec0bca,"{""duration_ms"": 5190, ""chars"": 714}"
2025-09-08T15:43:03.467030,translate_clicked,4ea23486-9346-4c43-b7d6-b24e7fec0bca,"{""target"": ""roman_urdu""}"
2025-09-08T15:43:10.451903,translate_complete,4ea23486-9346-4c43-b7d6-b24e7fec0bca,"{""target"": ""roman_urdu""}"
2025-09-08T15:47:15.273547,translate_clicked,4ea23486-9346-4c43-b7d6-b24e7fec0bca,"{""target"": ""english""}"
2025-09-08T15:47:20.363615,translate_complete,4ea23486-9346-4c43-b7d6-b24e7fec0bca,"{""target"": ""english""}"
2025-09-08T16:14:36.610212,send_clicked,e1a1a98b-c9bb-4f4f-aa8c-8f71d106bfee,"{""prompt_len"": 21}"
2025-09-08T16:14:38.757324,first_token,e1a1a98b-c9bb-4f4f-aa8c-8f71d106bfee,"{""duration_ms"": 2131}"
2025-09-08T16:14:40.466734,response_complete,e1a1a98b-c9bb-4f4f-aa8c-8f71d106bfee,"{""duration_ms"": 3859, ""chars"": 411}"
2025-09-08T16:15:28.747584,send_clicked,e1a1a98b-c9bb-4f4f-aa8c-8f71d106bfee,"{""prompt_len"": 23}"
2025-09-08T16:15:31.167094,first_token,e1a1a98b-c9bb-4f4f-aa8c-8f71d106bfee,"{""duration_ms"": 2426}"
2025-09-08T16:15:36.062594,response_complete,e1a1a98b-c9bb-4f4f-aa8c-8f71d106bfee,"{""duration_ms"": 7322, ""chars"": 1031}"
2025-09-08T16:15:47.296661,send_clicked,e1a1a98b-c9bb-4f4f-aa8c-8f71d106bfee,"{""prompt_len"": 38}"
2025-09-08T16:15:47.667984,first_token,e1a1a98b-c9bb-4f4f-aa8c-8f71d106bfee,"{""duration_ms"": 372}"
2025-09-08T16:15:48.649237,response_complete,e1a1a98b-c9bb-4f4f-aa8c-8f71d106bfee,"{""duration_ms"": 1353, ""chars"": 854}"
2025-09-08T16:19:32.316922,send_clicked,c8815f4a-9819-4592-8bd1-979e55a63c40,"{""prompt_len"": 5}"
2025-09-08T16:19:34.781468,first_token,c8815f4a-9819-4592-8bd1-979e55a63c40,"{""duration_ms"": 2464}"
2025-09-08T16:19:35.607463,response_complete,c8815f4a-9819-4592-8bd1-979e55a63c40,"{""duration_ms"": 3291, ""chars"": 221}"
2025-09-08T16:19:43.755829,send_clicked,c8815f4a-9819-4592-8bd1-979e55a63c40,"{""prompt_len"": 15}"
2025-09-08T16:19:45.636312,first_token,c8815f4a-9819-4592-8bd1-979e55a63c40,"{""duration_ms"": 1881}"
2025-09-08T16:19:51.225543,response_complete,c8815f4a-9819-4592-8bd1-979e55a63c40,"{""duration_ms"": 7470, ""chars"": 1033}"
2025-09-08T16:21:29.204248,send_clicked,f9f9715e-be76-475b-90d3-24cb4caf4da1,"{""prompt_len"": 23}"
2025-09-08T16:21:31.998102,first_token,f9f9715e-be76-475b-90d3-24cb4caf4da1,"{""duration_ms"": 2794}"
2025-09-08T16:21:34.995701,response_complete,f9f9715e-be76-475b-90d3-24cb4caf4da1,"{""duration_ms"": 5793, ""chars"": 488}"
2025-09-08T16:21:45.160677,send_clicked,f9f9715e-be76-475b-90d3-24cb4caf4da1,"{""prompt_len"": 20}"
2025-09-08T16:21:46.999954,first_token,f9f9715e-be76-475b-90d3-24cb4caf4da1,"{""duration_ms"": 1824}"
2025-09-08T16:21:51.927516,response_complete,f9f9715e-be76-475b-90d3-24cb4caf4da1,"{""duration_ms"": 6772, ""chars"": 1215}"
2025-09-08T16:22:53.583381,send_clicked,f9f9715e-be76-475b-90d3-24cb4caf4da1,"{""prompt_len"": 77}"
2025-09-08T16:22:54.443546,first_token,f9f9715e-be76-475b-90d3-24cb4caf4da1,"{""duration_ms"": 862}"
2025-09-08T16:22:54.484082,shortlist_shown,f9f9715e-be76-475b-90d3-24cb4caf4da1,"{""length_chars"": 50}"
2025-09-08T16:22:55.216406,response_complete,f9f9715e-be76-475b-90d3-24cb4caf4da1,"{""duration_ms"": 1636, ""chars"": 671}"
2025-09-08T16:23:08.063263,send_clicked,f9f9715e-be76-475b-90d3-24cb4caf4da1,"{""prompt_len"": 21}"
2025-09-08T16:23:11.161038,first_token,f9f9715e-be76-475b-90d3-24cb4caf4da1,"{""duration_ms"": 3098}"
2025-09-08T16:23:16.573383,response_complete,f9f9715e-be76-475b-90d3-24cb4caf4da1,"{""duration_ms"": 8512, ""chars"": 1745}"
2025-09-08T16:33:18.513897,send_clicked,c2aab674-7f2d-441a-9e0a-55fa2f2762fb,"{""prompt_len"": 18}"
2025-09-08T16:33:21.993049,first_token,c2aab674-7f2d-441a-9e0a-55fa2f2762fb,"{""duration_ms"": 3480}"
2025-09-08T16:33:26.453517,response_complete,c2aab674-7f2d-441a-9e0a-55fa2f2762fb,"{""duration_ms"": 7941, ""chars"": 1123}"
2025-09-08T16:33:34.631210,send_clicked,c2aab674-7f2d-441a-9e0a-55fa2f2762fb,"{""prompt_len"": 21}"
2025-09-08T16:33:36.907456,first_token,c2aab674-7f2d-441a-9e0a-55fa2f2762fb,"{""duration_ms"": 2276}"
2025-09-08T16:33:39.281918,response_complete,c2aab674-7f2d-441a-9e0a-55fa2f2762fb,"{""duration_ms"": 4651, ""chars"": 775}"
2025-09-08T16:53:13.087397,send_clicked,11af86cb-13b8-41cd-bf28-a14025a69fc8,"{""prompt_len"": 23}"
2025-09-08T16:53:15.806624,first_token,11af86cb-13b8-41cd-bf28-a14025a69fc8,"{""duration_ms"": 2723}"
2025-09-08T16:53:21.699465,response_complete,11af86cb-13b8-41cd-bf28-a14025a69fc8,"{""duration_ms"": 8617, ""chars"": 1217}"
2025-09-08T16:53:23.975347,send_clicked,11af86cb-13b8-41cd-bf28-a14025a69fc8,"{""prompt_len"": 32}"
2025-09-08T16:53:24.242192,first_token,11af86cb-13b8-41cd-bf28-a14025a69fc8,"{""duration_ms"": 269}"
2025-09-08T16:53:24.289259,shortlist_shown,11af86cb-13b8-41cd-bf28-a14025a69fc8,"{""length_chars"": 50}"
2025-09-08T16:53:25.022677,response_complete,11af86cb-13b8-41cd-bf28-a14025a69fc8,"{""duration_ms"": 1048, ""chars"": 671}"
2025-09-08T16:56:25.035861,send_clicked,1c63c158-f5f4-4d9e-b646-e71f2aa4cbfd,"{""prompt_len"": 17}"
2025-09-08T16:56:27.263898,first_token,1c63c158-f5f4-4d9e-b646-e71f2aa4cbfd,"{""duration_ms"": 2229}"
2025-09-08T16:56:29.557391,response_complete,1c63c158-f5f4-4d9e-b646-e71f2aa4cbfd,"{""duration_ms"": 4522, ""chars"": 557}"
2025-09-08T16:56:32.257183,send_clicked,1c63c158-f5f4-4d9e-b646-e71f2aa4cbfd,"{""prompt_len"": 32}"
2025-09-08T16:56:32.462572,first_token,1c63c158-f5f4-4d9e-b646-e71f2aa4cbfd,"{""duration_ms"": 206}"
2025-09-08T16:56:32.507638,shortlist_shown,1c63c158-f5f4-4d9e-b646-e71f2aa4cbfd,"{""length_chars"": 50}"
2025-09-08T16:56:33.245689,response_complete,1c63c158-f5f4-4d9e-b646-e71f2aa4cbfd,"{""duration_ms"": 988, ""chars"": 671}"
2025-09-08T16:57:09.482237,send_clicked,1c63c158-f5f4-4d9e-b646-e71f2aa4cbfd,"{""prompt_len"": 28}"
2025-09-08T16:57:11.761699,first_token,1c63c158-f5f4-4d9e-b646-e71f2aa4cbfd,"{""duration_ms"": 2280}"
2025-09-08T16:57:16.686699,response_complete,1c63c158-f5f4-4d9e-b646-e71f2aa4cbfd,"{""duration_ms"": 7204, ""chars"": 1238}"
2025-09-08T16:57:18.590815,send_clicked,1c63c158-f5f4-4d9e-b646-e71f2aa4cbfd,"{""prompt_len"": 32}"
2025-09-08T16:57:18.794656,first_token,1c63c158-f5f4-4d9e-b646-e71f2aa4cbfd,"{""duration_ms"": 205}"
2025-09-08T16:57:18.837681,shortlist_shown,1c63c158-f5f4-4d9e-b646-e71f2aa4cbfd,"{""length_chars"": 50}"
2025-09-08T16:57:19.574427,response_complete,1c63c158-f5f4-4d9e-b646-e71f2aa4cbfd,"{""duration_ms"": 984, ""chars"": 671}"
2025-09-08T16:58:18.049429,send_clicked,1c63c158-f5f4-4d9e-b646-e71f2aa4cbfd,"{""prompt_len"": 13}"
2025-09-08T16:58:21.067465,first_token,1c63c158-f5f4-4d9e-b646-e71f2aa4cbfd,"{""duration_ms"": 3018}"
2025-09-08T16:58:22.653517,response_complete,1c63c158-f5f4-4d9e-b646-e71f2aa4cbfd,"{""duration_ms"": 4606, ""chars"": 444}"
2025-09-08T16:59:39.234162,send_clicked,1c63c158-f5f4-4d9e-b646-e71f2aa4cbfd,"{""prompt_len"": 33}"
2025-09-08T16:59:41.453585,first_token,1c63c158-f5f4-4d9e-b646-e71f2aa4cbfd,"{""duration_ms"": 2217}"
2025-09-08T16:59:47.041712,response_complete,1c63c158-f5f4-4d9e-b646-e71f2aa4cbfd,"{""duration_ms"": 7808, ""chars"": 1670}"
2025-09-08T17:00:48.090964,send_clicked,1c63c158-f5f4-4d9e-b646-e71f2aa4cbfd,"{""prompt_len"": 32}"
2025-09-08T17:00:48.574019,first_token,1c63c158-f5f4-4d9e-b646-e71f2aa4cbfd,"{""duration_ms"": 484}"
2025-09-08T17:00:48.615962,shortlist_shown,1c63c158-f5f4-4d9e-b646-e71f2aa4cbfd,"{""length_chars"": 50}"
2025-09-08T17:00:49.344511,response_complete,1c63c158-f5f4-4d9e-b646-e71f2aa4cbfd,"{""duration_ms"": 1255, ""chars"": 671}"
2025-09-08T17:08:23.452013,send_clicked,e8decaf6-44e9-43bf-91bc-5690c33cff09,"{""prompt_len"": 33}"
2025-09-08T17:08:26.635706,first_token,e8decaf6-44e9-43bf-91bc-5690c33cff09,"{""duration_ms"": 3183}"
2025-09-08T17:08:33.822499,response_complete,e8decaf6-44e9-43bf-91bc-5690c33cff09,"{""duration_ms"": 10371, ""chars"": 2091}"
2025-09-08T17:08:38.697046,send_clicked,e8decaf6-44e9-43bf-91bc-5690c33cff09,"{""prompt_len"": 449}"
2025-09-08T17:08:39.341383,first_token,e8decaf6-44e9-43bf-91bc-5690c33cff09,"{""duration_ms"": 646}"
2025-09-08T17:08:40.201773,response_complete,e8decaf6-44e9-43bf-91bc-5690c33cff09,"{""duration_ms"": 1505, ""chars"": 737}"
2025-09-08T17:13:26.255957,send_clicked,912b053b-2eb4-465d-bc3f-1c1272699840,"{""prompt_len"": 33}"
2025-09-08T17:13:28.854076,first_token,912b053b-2eb4-465d-bc3f-1c1272699840,"{""duration_ms"": 2597}"
2025-09-08T17:13:35.944713,response_complete,912b053b-2eb4-465d-bc3f-1c1272699840,"{""duration_ms"": 9690, ""chars"": 2086}"
2025-09-08T17:13:37.530251,send_clicked,912b053b-2eb4-465d-bc3f-1c1272699840,"{""prompt_len"": 238}"
2025-09-08T17:13:37.943724,first_token,912b053b-2eb4-465d-bc3f-1c1272699840,"{""duration_ms"": 416}"
2025-09-08T17:13:38.806386,response_complete,912b053b-2eb4-465d-bc3f-1c1272699840,"{""duration_ms"": 1277, ""chars"": 737}"
2025-09-08T17:22:56.314827,send_clicked,810e007f-9e8e-4bdb-b241-a0750a61fbc1,"{""prompt_len"": 33}"
2025-09-08T17:22:59.264990,first_token,810e007f-9e8e-4bdb-b241-a0750a61fbc1,"{""duration_ms"": 2950}"
2025-09-08T17:23:06.404059,response_complete,810e007f-9e8e-4bdb-b241-a0750a61fbc1,"{""duration_ms"": 10090, ""chars"": 2086}"
2025-09-08T17:23:14.856928,send_clicked,810e007f-9e8e-4bdb-b241-a0750a61fbc1,"{""prompt_len"": 238}"
2025-09-08T17:23:15.174675,first_token,810e007f-9e8e-4bdb-b241-a0750a61fbc1,"{""duration_ms"": 319}"
2025-09-08T17:23:16.023286,response_complete,810e007f-9e8e-4bdb-b241-a0750a61fbc1,"{""duration_ms"": 1167, ""chars"": 737}"
2025-09-08T17:27:49.662216,send_clicked,adcfa807-092f-4800-a78d-e536342ea033,"{""prompt_len"": 23}"
2025-09-08T17:27:50.175977,first_token,adcfa807-092f-4800-a78d-e536342ea033,"{""duration_ms"": 516}"
2025-09-08T17:27:50.217884,shortlist_shown,adcfa807-092f-4800-a78d-e536342ea033,"{""length_chars"": 50}"
2025-09-08T17:27:51.211602,response_complete,adcfa807-092f-4800-a78d-e536342ea033,"{""duration_ms"": 1551, ""chars"": 899}"
2025-09-08T17:29:00.435361,send_clicked,adcfa807-092f-4800-a78d-e536342ea033,"{""prompt_len"": 194}"
2025-09-08T17:29:01.014740,first_token,adcfa807-092f-4800-a78d-e536342ea033,"{""duration_ms"": 581}"
2025-09-08T17:29:01.059379,shortlist_shown,adcfa807-092f-4800-a78d-e536342ea033,"{""length_chars"": 50}"
2025-09-08T17:29:01.695462,response_complete,adcfa807-092f-4800-a78d-e536342ea033,"{""duration_ms"": 1262, ""chars"": 598}"
2025-09-08T17:37:06.810991,send_clicked,768645d8-d09a-4d5e-98c0-54a14a7452cc,"{""prompt_len"": 23}"
2025-09-08T17:37:07.355273,first_token,768645d8-d09a-4d5e-98c0-54a14a7452cc,"{""duration_ms"": 546}"
2025-09-08T17:37:07.397048,shortlist_shown,768645d8-d09a-4d5e-98c0-54a14a7452cc,"{""length_chars"": 50}"
2025-09-08T17:37:08.385379,response_complete,768645d8-d09a-4d5e-98c0-54a14a7452cc,"{""duration_ms"": 1576, ""chars"": 899}"
2025-09-08T17:42:06.776548,send_clicked,768645d8-d09a-4d5e-98c0-54a14a7452cc,"{""prompt_len"": 31}"
2025-09-08T17:42:07.485849,first_token,768645d8-d09a-4d5e-98c0-54a14a7452cc,"{""duration_ms"": 715}"
2025-09-08T17:42:07.605447,response_complete,768645d8-d09a-4d5e-98c0-54a14a7452cc,"{""duration_ms"": 836, ""chars"": 108}"
2025-09-08T17:45:02.968923,send_clicked,73ab4201-6a75-4a30-a5e1-ccb7d35e2627,"{""prompt_len"": 23}"
2025-09-08T17:45:04.865954,first_token,73ab4201-6a75-4a30-a5e1-ccb7d35e2627,"{""duration_ms"": 1898}"
2025-09-08T17:45:07.692119,response_complete,73ab4201-6a75-4a30-a5e1-ccb7d35e2627,"{""duration_ms"": 4727, ""chars"": 1299}"
2025-09-08T17:46:54.215028,send_clicked,73ab4201-6a75-4a30-a5e1-ccb7d35e2627,"{""prompt_len"": 50}"
2025-09-08T17:46:54.747779,first_token,73ab4201-6a75-4a30-a5e1-ccb7d35e2627,"{""duration_ms"": 544}"
2025-09-08T17:46:56.120278,response_complete,73ab4201-6a75-4a30-a5e1-ccb7d35e2627,"{""duration_ms"": 1917, ""chars"": 1194}"
2025-09-08T17:50:16.915127,send_clicked,c6b395c3-be45-47a0-a48e-083718b672cf,"{""prompt_len"": 31}"
2025-09-08T17:50:19.435627,first_token,c6b395c3-be45-47a0-a48e-083718b672cf,"{""duration_ms"": 2508}"
2025-09-08T17:50:23.355580,response_complete,c6b395c3-be45-47a0-a48e-083718b672cf,"{""duration_ms"": 6440, ""chars"": 1605}"
2025-09-09T11:36:09.261134,send_clicked,2015f0df-adde-4102-a9ff-621d6ce08407,"{""prompt_len"": 17}"
2025-09-09T11:36:10.751194,first_token,2015f0df-adde-4102-a9ff-621d6ce08407,"{""duration_ms"": 1490}"
2025-09-09T11:36:12.231952,response_complete,2015f0df-adde-4102-a9ff-621d6ce08407,"{""duration_ms"": 2972, ""chars"": 540}"
2025-09-09T11:36:51.138947,send_clicked,2015f0df-adde-4102-a9ff-621d6ce08407,"{""prompt_len"": 17}"
2025-09-09T11:36:53.411665,first_token,2015f0df-adde-4102-a9ff-621d6ce08407,"{""duration_ms"": 2286}"
2025-09-09T11:36:55.630414,response_complete,2015f0df-adde-4102-a9ff-621d6ce08407,"{""duration_ms"": 4504, ""chars"": 831}"
2025-09-09T11:37:00.870938,send_clicked,a05dd6fc-5493-4196-a331-bdfcd6f78685,"{""prompt_len"": 17}"
2025-09-09T11:37:02.675499,first_token,a05dd6fc-5493-4196-a331-bdfcd6f78685,"{""duration_ms"": 1804}"
2025-09-09T11:37:05.143026,response_complete,a05dd6fc-5493-4196-a331-bdfcd6f78685,"{""duration_ms"": 4273, ""chars"": 938}"
2025-09-09T11:37:22.844637,send_clicked,a05dd6fc-5493-4196-a331-bdfcd6f78685,"{""prompt_len"": 41}"
2025-09-09T11:37:25.102719,first_token,a05dd6fc-5493-4196-a331-bdfcd6f78685,"{""duration_ms"": 2257}"
2025-09-09T11:37:29.183756,response_complete,a05dd6fc-5493-4196-a331-bdfcd6f78685,"{""duration_ms"": 6340, ""chars"": 1170}"
2025-09-09T11:37:32.927791,send_clicked,a05dd6fc-5493-4196-a331-bdfcd6f78685,"{""prompt_len"": 48}"
2025-09-09T11:37:33.232687,first_token,a05dd6fc-5493-4196-a331-bdfcd6f78685,"{""duration_ms"": 307}"
2025-09-09T11:37:34.496499,response_complete,a05dd6fc-5493-4196-a331-bdfcd6f78685,"{""duration_ms"": 1571, ""chars"": 1097}"
2025-09-09T11:44:33.553864,send_clicked,50df867c-7588-42e3-b888-cf98167cfb14,"{""prompt_len"": 2}"
2025-09-09T11:44:44.329548,first_token,50df867c-7588-42e3-b888-cf98167cfb14,"{""duration_ms"": 10777}"
2025-09-09T11:44:48.520008,response_complete,50df867c-7588-42e3-b888-cf98167cfb14,"{""duration_ms"": 14968, ""chars"": 483}"
2025-09-09T11:47:24.202463,send_clicked,161d2069-3144-43e0-8d5e-c74cdea591fc,"{""prompt_len"": 3}"
2025-09-09T11:47:26.731356,first_token,161d2069-3144-43e0-8d5e-c74cdea591fc,"{""duration_ms"": 2529}"
2025-09-09T11:47:27.300948,response_complete,161d2069-3144-43e0-8d5e-c74cdea591fc,"{""duration_ms"": 3099, ""chars"": 280}"
2025-09-09T11:58:46.074271,send_clicked,d9c4cca4-355d-40c3-a6a2-e59850e89e22,"{""prompt_len"": 2}"
2025-09-09T11:58:48.602304,first_token,d9c4cca4-355d-40c3-a6a2-e59850e89e22,"{""duration_ms"": 2528}"
2025-09-09T11:58:49.242191,response_complete,d9c4cca4-355d-40c3-a6a2-e59850e89e22,"{""duration_ms"": 3169, ""chars"": 295}"
2025-09-09T12:04:05.375452,send_clicked,12454883-c3b3-4e9b-a471-9f7c00e1c1ae,"{""prompt_len"": 2}"
2025-09-09T12:04:08.962490,first_token,12454883-c3b3-4e9b-a471-9f7c00e1c1ae,"{""duration_ms"": 3587}"
2025-09-09T12:04:10.459259,response_complete,12454883-c3b3-4e9b-a471-9f7c00e1c1ae,"{""duration_ms"": 5086, ""chars"": 233}"
2025-09-09T12:08:18.356012,send_clicked,a5dbca15-98fc-4ac3-82a4-36b10e812771,"{""prompt_len"": 2}"
2025-09-09T12:08:21.112908,first_token,a5dbca15-98fc-4ac3-82a4-36b10e812771,"{""duration_ms"": 2757}"
2025-09-09T12:08:21.705455,response_complete,a5dbca15-98fc-4ac3-82a4-36b10e812771,"{""duration_ms"": 3351, ""chars"": 269}"
2025-09-09T12:19:31.025627,send_clicked,d8a0c0af-3a10-431f-b5e3-69c53d4e477d,"{""prompt_len"": 16}"
2025-09-09T12:19:33.582737,first_token,d8a0c0af-3a10-431f-b5e3-69c53d4e477d,"{""duration_ms"": 2563}"
2025-09-09T12:19:35.670963,response_complete,d8a0c0af-3a10-431f-b5e3-69c53d4e477d,"{""duration_ms"": 4652, ""chars"": 850}"
2025-09-09T12:19:50.858110,send_clicked,d8a0c0af-3a10-431f-b5e3-69c53d4e477d,"{""prompt_len"": 37}"
2025-09-09T12:19:53.103985,first_token,d8a0c0af-3a10-431f-b5e3-69c53d4e477d,"{""duration_ms"": 2243}"
2025-09-09T12:19:55.419995,response_complete,d8a0c0af-3a10-431f-b5e3-69c53d4e477d,"{""duration_ms"": 4560, ""chars"": 1020}"
2025-09-09T12:20:05.361222,send_clicked,d8a0c0af-3a10-431f-b5e3-69c53d4e477d,"{""prompt_len"": 21}"
2025-09-09T12:20:07.791054,first_token,d8a0c0af-3a10-431f-b5e3-69c53d4e477d,"{""duration_ms"": 2427}"
2025-09-09T12:20:14.166746,response_complete,d8a0c0af-3a10-431f-b5e3-69c53d4e477d,"{""duration_ms"": 8805, ""chars"": 1118}"
2025-09-09T12:20:32.222931,send_clicked,d8a0c0af-3a10-431f-b5e3-69c53d4e477d,"{""prompt_len"": 24}"
2025-09-09T12:20:34.566642,first_token,d8a0c0af-3a10-431f-b5e3-69c53d4e477d,"{""duration_ms"": 2343}"
2025-09-09T12:20:38.309066,response_complete,d8a0c0af-3a10-431f-b5e3-69c53d4e477d,"{""duration_ms"": 6087, ""chars"": 1162}"
2025-09-09T12:21:03.679995,send_clicked,d8a0c0af-3a10-431f-b5e3-69c53d4e477d,"{""prompt_len"": 42}"
2025-09-09T12:21:05.764184,first_token,d8a0c0af-3a10-431f-b5e3-69c53d4e477d,"{""duration_ms"": 2084}"
2025-09-09T12:21:11.441141,response_complete,d8a0c0af-3a10-431f-b5e3-69c53d4e477d,"{""duration_ms"": 7762, ""chars"": 1994}"
2025-09-09T12:21:23.825095,send_clicked,d8a0c0af-3a10-431f-b5e3-69c53d4e477d,"{""prompt_len"": 22}"
2025-09-09T12:21:28.764968,first_token,d8a0c0af-3a10-431f-b5e3-69c53d4e477d,"{""duration_ms"": 4939}"
2025-09-09T12:21:31.975516,response_complete,d8a0c0af-3a10-431f-b5e3-69c53d4e477d,"{""duration_ms"": 8151, ""chars"": 989}"
2025-09-09T12:21:47.493681,send_clicked,d8a0c0af-3a10-431f-b5e3-69c53d4e477d,"{""prompt_len"": 36}"
2025-09-09T12:21:49.240335,first_token,d8a0c0af-3a10-431f-b5e3-69c53d4e477d,"{""duration_ms"": 1749}"
2025-09-09T12:21:53.873399,response_complete,d8a0c0af-3a10-431f-b5e3-69c53d4e477d,"{""duration_ms"": 6383, ""chars"": 1423}"
2025-09-09T12:24:20.540181,send_clicked,d8a0c0af-3a10-431f-b5e3-69c53d4e477d,"{""prompt_len"": 48}"
2025-09-09T12:24:22.866855,first_token,d8a0c0af-3a10-431f-b5e3-69c53d4e477d,"{""duration_ms"": 2332}"
2025-09-09T12:24:27.350375,response_complete,d8a0c0af-3a10-431f-b5e3-69c53d4e477d,"{""duration_ms"": 6817, ""chars"": 1378}"
2025-09-09T12:25:31.918805,send_clicked,d8a0c0af-3a10-431f-b5e3-69c53d4e477d,"{""prompt_len"": 38}"
2025-09-09T12:25:34.169818,first_token,d8a0c0af-3a10-431f-b5e3-69c53d4e477d,"{""duration_ms"": 2250}"
2025-09-09T12:25:38.474454,response_complete,d8a0c0af-3a10-431f-b5e3-69c53d4e477d,"{""duration_ms"": 6556, ""chars"": 1893}"
2025-09-09T12:27:54.058905,send_clicked,d8a0c0af-3a10-431f-b5e3-69c53d4e477d,"{""prompt_len"": 41}"
2025-09-09T12:27:54.596233,first_token,d8a0c0af-3a10-431f-b5e3-69c53d4e477d,"{""duration_ms"": 538}"
2025-09-09T12:27:56.384463,response_complete,d8a0c0af-3a10-431f-b5e3-69c53d4e477d,"{""duration_ms"": 2326, ""chars"": 1553}"
2025-09-09T12:28:07.797170,translate_clicked,d8a0c0af-3a10-431f-b5e3-69c53d4e477d,"{""target"": ""roman_urdu""}"
2025-09-09T12:28:14.702838,translate_complete,d8a0c0af-3a10-431f-b5e3-69c53d4e477d,"{""target"": ""roman_urdu""}"
2025-09-09T12:28:48.330860,send_clicked,d8a0c0af-3a10-431f-b5e3-69c53d4e477d,"{""prompt_len"": 33}"
2025-09-09T12:28:50.946766,first_token,d8a0c0af-3a10-431f-b5e3-69c53d4e477d,"{""duration_ms"": 2617}"
2025-09-09T12:28:53.647201,response_complete,d8a0c0af-3a10-431f-b5e3-69c53d4e477d,"{""duration_ms"": 5318, ""chars"": 733}"
2025-09-09T12:29:57.473220,lead_submitted,d8a0c0af-3a10-431f-b5e3-69c53d4e477d,"{""city"": ""Islamabad"", ""age_band"": ""25-39"", ""dependents"": 2, ""budget_pkr"": 50000, ""intent"": ""buy""}"
2025-09-09T12:31:30.548775,send_clicked,fa623766-dd69-48ee-8483-e739a2cf0bdf,"{""prompt_len"": 52}"
2025-09-09T12:31:32.790466,first_token,fa623766-dd69-48ee-8483-e739a2cf0bdf,"{""duration_ms"": 2241}"
2025-09-09T12:31:37.181031,response_complete,fa623766-dd69-48ee-8483-e739a2cf0bdf,"{""duration_ms"": 6633, ""chars"": 1209}"
2025-09-09T12:33:15.287770,lead_submitted,fa623766-dd69-48ee-8483-e739a2cf0bdf,"{""city"": ""Islamabad"", ""age_band"": ""25-39"", ""dependents"": 1, ""budget_pkr"": 500, ""intent"": ""inquire""}"
2025-09-09T12:34:31.095695,send_clicked,fa623766-dd69-48ee-8483-e739a2cf0bdf,"{""prompt_len"": 64}"
2025-09-09T12:34:33.806484,first_token,fa623766-dd69-48ee-8483-e739a2cf0bdf,"{""duration_ms"": 2713}"
2025-09-09T12:34:39.524578,response_complete,fa623766-dd69-48ee-8483-e739a2cf0bdf,"{""duration_ms"": 8432, ""chars"": 1734}"
2025-09-09T12:36:20.361912,send_clicked,fa623766-dd69-48ee-8483-e739a2cf0bdf,"{""prompt_len"": 67}"
2025-09-09T12:36:22.943448,first_token,fa623766-dd69-48ee-8483-e739a2cf0bdf,"{""duration_ms"": 2591}"
2025-09-09T12:36:29.353830,response_complete,fa623766-dd69-48ee-8483-e739a2cf0bdf,"{""duration_ms"": 9002, ""chars"": 2246}"
2025-09-09T12:36:51.347678,send_clicked,fa623766-dd69-48ee-8483-e739a2cf0bdf,"{""prompt_len"": 59}"
2025-09-09T12:36:51.698072,first_token,fa623766-dd69-48ee-8483-e739a2cf0bdf,"{""duration_ms"": 351}"
2025-09-09T12:36:52.647565,response_complete,fa623766-dd69-48ee-8483-e739a2cf0bdf,"{""duration_ms"": 1301, ""chars"": 825}"
2025-09-09T12:37:39.215921,send_clicked,fa623766-dd69-48ee-8483-e739a2cf0bdf,"{""prompt_len"": 84}"
2025-09-09T12:37:41.591055,first_token,fa623766-dd69-48ee-8483-e739a2cf0bdf,"{""duration_ms"": 2375}"
2025-09-09T12:37:48.910029,response_complete,fa623766-dd69-48ee-8483-e739a2cf0bdf,"{""duration_ms"": 9694, ""chars"": 2374}"
2025-09-09T12:40:27.298012,send_clicked,c5fa1c12-d304-4a3f-b25e-4ff12b1aeefa,"{""prompt_len"": 49}"
2025-09-09T12:40:29.549801,first_token,c5fa1c12-d304-4a3f-b25e-4ff12b1aeefa,"{""duration_ms"": 2251}"
2025-09-09T12:40:36.562129,response_complete,c5fa1c12-d304-4a3f-b25e-4ff12b1aeefa,"{""duration_ms"": 9265, ""chars"": 2302}"
2025-09-09T12:43:48.409611,send_clicked,c5fa1c12-d304-4a3f-b25e-4ff12b1aeefa,"{""prompt_len"": 60}"
2025-09-09T12:43:48.825085,first_token,c5fa1c12-d304-4a3f-b25e-4ff12b1aeefa,"{""duration_ms"": 416}"
2025-09-09T12:43:49.768955,response_complete,c5fa1c12-d304-4a3f-b25e-4ff12b1aeefa,"{""duration_ms"": 1360, ""chars"": 825}"
2025-09-09T12:44:18.896960,send_clicked,c5fa1c12-d304-4a3f-b25e-4ff12b1aeefa,"{""prompt_len"": 70}"
2025-09-09T12:44:19.161704,first_token,c5fa1c12-d304-4a3f-b25e-4ff12b1aeefa,"{""duration_ms"": 266}"
2025-09-09T12:44:20.111259,response_complete,c5fa1c12-d304-4a3f-b25e-4ff12b1aeefa,"{""duration_ms"": 1215, ""chars"": 825}"
2025-09-09T12:48:45.499491,send_clicked,c5fa1c12-d304-4a3f-b25e-4ff12b1aeefa,"{""prompt_len"": 38}"
2025-09-09T12:48:48.181339,first_token,c5fa1c12-d304-4a3f-b25e-4ff12b1aeefa,"{""duration_ms"": 2680}"
2025-09-09T12:48:50.483493,response_complete,c5fa1c12-d304-4a3f-b25e-4ff12b1aeefa,"{""duration_ms"": 4984, ""chars"": 863}"
2025-09-15T15:06:55.517943,send_clicked,08964df5-1df1-48d8-b0a8-4346bcd63280,"{""prompt_len"": 4}"
2025-09-15T15:07:10.752090,first_token,08964df5-1df1-48d8-b0a8-4346bcd63280,"{""duration_ms"": 15267}"
2025-09-15T15:07:11.642924,response_complete,08964df5-1df1-48d8-b0a8-4346bcd63280,"{""duration_ms"": 16160, ""chars"": 381}"
2025-09-15T15:07:27.023880,send_clicked,08964df5-1df1-48d8-b0a8-4346bcd63280,"{""prompt_len"": 2}"
2025-09-15T15:07:31.017237,first_token,08964df5-1df1-48d8-b0a8-4346bcd63280,"{""duration_ms"": 3986}"
2025-09-15T15:07:32.295331,response_complete,08964df5-1df1-48d8-b0a8-4346bcd63280,"{""duration_ms"": 5272, ""chars"": 278}"
2025-09-15T15:07:39.257983,send_clicked,08964df5-1df1-48d8-b0a8-4346bcd63280,"{""prompt_len"": 5}"
2025-09-15T15:07:41.795392,first_token,08964df5-1df1-48d8-b0a8-4346bcd63280,"{""duration_ms"": 2536}"
2025-09-15T15:07:42.536377,response_complete,08964df5-1df1-48d8-b0a8-4346bcd63280,"{""duration_ms"": 3279, ""chars"": 277}"
2025-09-15T16:40:37.479821,send_clicked,8f95fd71-c42a-4336-9834-43a21f0e7dd3,"{""prompt_len"": 47}"
2025-09-15T16:40:41.508554,first_token,8f95fd71-c42a-4336-9834-43a21f0e7dd3,"{""duration_ms"": 4034}"
2025-09-15T16:40:47.926826,response_complete,8f95fd71-c42a-4336-9834-43a21f0e7dd3,"{""duration_ms"": 10453, ""chars"": 2013}"
2025-09-15T16:41:06.843984,send_clicked,8f95fd71-c42a-4336-9834-43a21f0e7dd3,"{""prompt_len"": 22}"
2025-09-15T16:41:09.873478,first_token,8f95fd71-c42a-4336-9834-43a21f0e7dd3,"{""duration_ms"": 3034}"
2025-09-15T16:41:20.646322,response_complete,8f95fd71-c42a-4336-9834-43a21f0e7dd3,"{""duration_ms"": 13808, ""chars"": 2772}"
2025-09-16T16:13:39.933468,send_clicked,ad959edb-7d52-4f9e-bf10-aa667a8c0a9b,"{""prompt_len"": 17}"
2025-09-16T16:13:49.229366,first_token,ad959edb-7d52-4f9e-bf10-aa667a8c0a9b,"{""duration_ms"": 9299}"
2025-09-16T16:13:50.980447,response_complete,ad959edb-7d52-4f9e-bf10-aa667a8c0a9b,"{""duration_ms"": 11052, ""chars"": 289}"
2025-09-16T16:16:09.292196,send_clicked,ad959edb-7d52-4f9e-bf10-aa667a8c0a9b,"{""prompt_len"": 40}"
2025-09-16T16:16:13.097859,first_token,ad959edb-7d52-4f9e-bf10-aa667a8c0a9b,"{""duration_ms"": 3815}"
2025-09-16T16:23:37.219709,send_clicked,2a3651d9-bcab-4006-821c-86e371f87413,"{""prompt_len"": 31}"
2025-09-16T16:23:39.203035,first_token,2a3651d9-bcab-4006-821c-86e371f87413,"{""duration_ms"": 1984}"
2025-09-16T16:23:40.741548,response_complete,2a3651d9-bcab-4006-821c-86e371f87413,"{""duration_ms"": 3521, ""chars"": 652}"
2025-09-16T16:24:11.518179,send_clicked,2a3651d9-bcab-4006-821c-86e371f87413,"{""prompt_len"": 50}"
2025-09-16T16:24:13.771579,first_token,2a3651d9-bcab-4006-821c-86e371f87413,"{""duration_ms"": 2253}"
2025-09-16T16:24:16.778302,response_complete,2a3651d9-bcab-4006-821c-86e371f87413,"{""duration_ms"": 5261, ""chars"": 1235}"
